<?xml version="1.0" encoding="UTF-8"?>
<Configuration>

  <Appenders>
    <Console name="Console" target="SYSTEM_OUT">
      <PatternLayout pattern="%d{yyyy-MM-dd HH:mm:ss.SSS} [%t] %-5level %logger{36} - %msg%n"/>
    </Console>
    <File name = "MyFile" fileName = "logs/app.log">
    	<PatteraLayout>
    		<Pattern> %d %-5 %c{1} [%t] %c{2} (%F:%L) -%m%n</Pattern>
    	</PatteraLayout>
    </File>
  </Appenders>

  <Loggers>
  	<!-- 여기에 로거 추가 -->
  	<Logger name="log4jexam.sql" level ="debug" additivity="flase" >
  	<AppenderRef ref="Console"/>
  	<AppenderRef ref="MyFile"/>
  	</Logger>
  	
<!--   	<Logger name="log4jexam.sql.Parameter" level ="debug" > 
  	
  		</Logger> -->
  	
  	<Logger name="kr.or.ddit.basic.T01MemberInfoTest" level ="debug" >
  	
  	</Logger>

    <Root level="debug">
      <AppenderRef ref="Console"/>
    </Root>
  </Loggers>

</Configuration>





